<?xml version="1.0" encoding="UTF-8"?>

<!DOCTYPE struts PUBLIC
        "-//Apache Software Foundation//DTD Struts Configuration 2.5//EN"
        "http://struts.apache.org/dtds/struts-2.5.dtd">

<struts>
    <package name="staff" namespace="/" extends="common">
        <!--
            编写与员工相关的action
        -->
        <action name="staff_*" class="com.lanou.crm.staff.web.action.StaffAction"
                method="{1}">
            <result name="success" type="redirectAction">staff_home</result>

            <!--<result name="login">/WEB-INF/pages/frame.jsp</result>-->

            <result name="home">/WEB-INF/pages/frame.jsp</result>

            <result name="findAll">/WEB-INF/pages/staff/listStaff.jsp</result>
            <result name="editPre">/WEB-INF/pages/staff/editStaff.jsp</result>
            <result name="edit" type="redirectAction">
                <param name="namespace">/</param>
                <param name="actionName">staff_findAll</param>
            </result>

            <allowed-methods>login,home,findAll,editPre,edit</allowed-methods>
        </action>

    </package>
</struts>