<?xml version="1.0" encoding="UTF-8"?>

<!DOCTYPE struts PUBLIC
        "-//Apache Software Foundation//DTD Struts Configuration 2.5//EN"
        "http://struts.apache.org/dtds/struts-2.5.dtd">

<struts>

    <package name="course_type" extends="common">
        <action name="course_type_*"
                class="com.lanou.crm.course_type.web.action.CourseTypeAction"
                method="{1}">
            <result name="findAll">/WEB-INF/pages/coursetype/listCourse.jsp</result>
            <result name="findByCondition">/WEB-INF/pages/coursetype/listCourse.jsp</result>
            <result name="toAdd">/WEB-INF/pages/coursetype/addOrEditCourse.jsp</result>
            <result name="add" type="redirectAction">
                <param name="namespace">/</param>
                <param name="actionName">course_type_findAll</param>
            </result>
            <allowed-methods>findAll,findByCondition,toAdd,add</allowed-methods>
        </action>
    </package>

</struts>