<?xml version='1.0' encoding='utf-8'?>
<!DOCTYPE hibernate-mapping PUBLIC
    "-//Hibernate/Hibernate Mapping DTD 3.0//EN"
    "http://www.hibernate.org/dtd/hibernate-mapping-3.0.dtd">
<hibernate-mapping>

    <class name="com.lanou.crm.course_type.domain.CrmCourseType" table="crm_course_type" schema="crm">
        <id name="courseTypeId">
            <generator class="uuid"/>
        </id>
        <property name="courseCost"/>
        <property name="total"/>
        <property name="courseName"/>
        <property name="remark"/>

        <!--
            课程类别与班级之间的关系，一个课程类别可以有多个班级
        -->
        <set name="classesSet">
            <key column="courseTypeId"/>
            <one-to-many class="com.lanou.crm.classes.domain.CrmClasses"/>
        </set>
    </class>
</hibernate-mapping>