<?xml version='1.0' encoding='utf-8'?>
<!DOCTYPE hibernate-mapping PUBLIC
    "-//Hibernate/Hibernate Mapping DTD 3.0//EN"
    "http://www.hibernate.org/dtd/hibernate-mapping-3.0.dtd">
<hibernate-mapping>

    <class name="com.lanou.crm.post.domain.CrmPost" table="crm_post" schema="crm">
        <id name="postId">
            <generator class="uuid"/>
        </id>
        <property name="postName"/>

        <!--
            职务和部门的关系
            多对一
        -->
        <many-to-one name="crmDepartment"
                     lazy="false"
                     class="com.lanou.crm.department.domain.CrmDepartment"
                     column="depId"/>

        <!--
            职务与员工之间的关系：一对多，一个职务可以有多个员工
        -->
        <set name="staffSet" inverse="true" lazy="false">
            <key column="postId"></key>
            <one-to-many class="com.lanou.crm.staff.domain.CrmStaff"/>
        </set>
    </class>
</hibernate-mapping>