<?xml version="1.0" encoding="UTF-8"?>

<!DOCTYPE struts PUBLIC
        "-//Apache Software Foundation//DTD Struts Configuration 2.5//EN"
        "http://struts.apache.org/dtds/struts-2.5.dtd">

<struts>

    <!--开发模式-->
    <constant name="struts.devMode" value="true"/>

    <!--指定struts2标签的主题-->
    <constant name="struts.ui.theme" value="simple"/>

    <!--共性的东西，写在这里-->
    <package name="common" namespace="/" extends="struts-default">

        <!--比如所有action都需要使用某拦截器，那么可以定义在这个包下-->
        <interceptors>
            <interceptor name="loginInterceptor"
                         class="com.lanou.crm.staff.web.interceptor.LoginInterceptor">
                <param name="excludeMethods">login</param>
            </interceptor>
            <interceptor-stack name="loginStack">
                <interceptor-ref name="loginInterceptor"/>
                <interceptor-ref name="defaultStack"/>
            </interceptor-stack>
        </interceptors>
        <!--这只全局默认拦截器栈-->
        <default-interceptor-ref name="loginStack"/>

        <!--设定一些全局的属性：比如全局result？-->
        <global-results>
            <result name="login">/WEB-INF/pages/login.jsp</result>
        </global-results>

        <action name="ui_*_*">
            <result name="success">/WEB-INF/pages/{1}/{2}.jsp</result>
        </action>
    </package>

    <!--加载其他配置文件-->
    <!--<include file="struts/struts-staff.xml"/>-->
    <include file="struts/struts-*.xml"/>

</struts>