<?xml version='1.0' encoding='utf-8'?>
<!DOCTYPE hibernate-mapping PUBLIC
    "-//Hibernate/Hibernate Mapping DTD 3.0//EN"
    "http://www.hibernate.org/dtd/hibernate-mapping-3.0.dtd">
<hibernate-mapping>

    <class name="com.lanou.crm.department.domain.CrmDepartment" table="crm_department" schema="crm">
        <id name="depId">
            <generator class="uuid"/>
        </id>
        <property name="depName"/>

        <set name="postSet" inverse="true" lazy="false">
            <key column="depId"/>
            <one-to-many class="com.lanou.crm.post.domain.CrmPost"/>
        </set>
    </class>
</hibernate-mapping>