<?xml version='1.0' encoding='utf-8'?>
<!DOCTYPE hibernate-mapping PUBLIC
    "-//Hibernate/Hibernate Mapping DTD 3.0//EN"
    "http://www.hibernate.org/dtd/hibernate-mapping-3.0.dtd">
<hibernate-mapping>

    <class name="com.lanou.crm.staff.domain.CrmStaff" table="crm_staff" schema="crm">
        <id name="staffId">
            <generator class="uuid"/>
        </id>
        <property name="loginName"/>
        <property name="loginPwd"/>
        <property name="staffName"/>
        <property name="gender"/>
        <property name="onDutyDate">
            <column name="onDutyDate" sql-type="datetime"/>
        </property>

        <!--
            职务和部门的关系：多对一，多个职务同属于一个部门
        -->
        <many-to-one name="post"
                     lazy="false"
                     class="com.lanou.crm.post.domain.CrmPost"
                    column="postId"/>
    </class>
</hibernate-mapping>