<?xml version="1.0" encoding="UTF-8"?>
<beans xmlns="http://www.springframework.org/schema/beans"
       xmlns:xsi="http://www.w3.org/2001/XMLSchema-instance"
       xmlns:context="http://www.springframework.org/schema/context" xmlns:tx="http://www.springframework.org/schema/tx"
       xmlns:aop="http://www.springframework.org/schema/aop"
       xsi:schemaLocation="http://www.springframework.org/schema/beans http://www.springframework.org/schema/beans/spring-beans.xsd http://www.springframework.org/schema/context http://www.springframework.org/schema/context/spring-context.xsd http://www.springframework.org/schema/tx http://www.springframework.org/schema/tx/spring-tx.xsd http://www.springframework.org/schema/aop http://www.springframework.org/schema/aop/spring-aop.xsd">

    <!--加载properties文件-->
    <context:property-placeholder location="classpath:jdbcInfo.properties"/>


    <!--
        配置数据源
    -->
    <bean id="dataSource" class="com.mchange.v2.c3p0.ComboPooledDataSource">
        <property name="user" value="${jdbc.user}"/>
        <property name="password" value="${jdbc.password}"/>
        <property name="jdbcUrl" value="${jdbc.jdbcUrl}"/>
        <property name="driverClass" value="${jdbc.driverClass}"/>
    </bean>


    <!--
        构建sessionFactory相关信息
    -->
    <bean id="sessionFactory"
          class="org.springframework.orm.hibernate5.LocalSessionFactoryBean">
        <property name="dataSource" ref="dataSource"/>
        <property name="hibernateProperties">
            <props>
                <prop key="hibernate.dialect">org.hibernate.dialect.MySQL5Dialect</prop>
                <prop key="hibernate.show_sql">true</prop>
                <prop key="hibernate.format_sql">true</prop>
            </props>

        </property>
        <property name="mappingLocations"
                  value="classpath:com/lanou/crm/*/domain/*.hbm.xml"/>
    </bean>

    <!--
        指定事务管理器，帮助我们管理事务
    -->
    <bean id="txManager"
          class="org.springframework.orm.hibernate5.HibernateTransactionManager">
        <property name="sessionFactory" ref="sessionFactory"/>
    </bean>

    <!--
        事务详情：增删改，读，写，查，只读等设置问题
    -->
    <tx:advice id="txAdvice" transaction-manager="txManager">
        <tx:attributes>
            <tx:method name="add*"/>
            <tx:method name="update*"/>
            <tx:method name="delete*"/>
            <tx:method name="save*"/>
            <tx:method name="login" read-only="true"/>
            <tx:method name="find*" read-only="true"/>
        </tx:attributes>
    </tx:advice>

    <!--
        aop编程：使用切面的思想管理事务的话，事务中的开始，提交，回滚等就被看成通知advice
        这里就将切入点与通知advice绑定起来
        并且，事务只作用于Service层即可，因为Service层中，一个方法可能会设计到多个dao层的功能
        而action中，多个Service功能之间不应该由一次事务完成
    -->
    <aop:config>
        <!--service包及其子包下-->
        <aop:pointcut id="operateTransaction" expression="execution(* com.lanou.crm.*.service..*.*(..))"/>
        <!--指定，在哪些切入点（切入点表达式）应用哪些切面（事务管理）-->
        <aop:advisor advice-ref="txAdvice"
                        pointcut-ref="operateTransaction"/>
    </aop:config>


    <!--
        导入其他配置文件
    -->
    <!--<import resource="applicationContext-staff.xml"/>-->

</beans>